{
  "project_info": {
    "project_number": "354475774736",
    "firebase_url": "https://innovatedroom.firebaseio.com",
    "project_id": "innovatedroom",
    "storage_bucket": "innovatedroom.appspot.com"
  },
  "client": [
    {
      "client_info": {
        "mobilesdk_app_id": "1:354475774736:android:63ad8f261bc0bac1",
        "android_client_info": {
          "package_name": "com.example.sarcasticjohn.innovatedroom"
        }
      },
      "oauth_client": [
        {
          "client_id": "354475774736-53bfvi1t70cqn830lk4pqjqne025e5on.apps.googleusercontent.com",
          "client_type": 1,
          "android_info": {
            "package_name": "com.example.sarcasticjohn.innovatedroom",
            "certificate_hash": "3dd983876dffbadfacc752e802b8a2501e8db774"
          }
        },
        {
          "client_id": "354475774736-hbdm6svh9b85l1bsg26u9ultqjtms2rr.apps.googleusercontent.com",
          "client_type": 3
        }
      ],
      "api_key": [
        {
          "current_key": "AIzaSyA8GGw9ay3Z8Fc8rfySUMmfjTA5LDVDuuI"
        }
      ],
      "services": {
        "analytics_service": {
          "status": 1
        },
        "appinvite_service": {
          "status": 2,
          "other_platform_oauth_client": [
            {
              "client_id": "354475774736-hbdm6svh9b85l1bsg26u9ultqjtms2rr.apps.googleusercontent.com",
              "client_type": 3
            }
          ]
        },
        "ads_service": {
          "status": 2
        }
      }
    }
  ],
  "configuration_version": "1"
}